operation,size,time
insert,10,0.15912499999998886
insert,10,0.012499999999988631
insert,10,0.007332999999988488
insert,10,0.0052500000000179625
insert,10,0.006332999999983713
insert,10,0.005790999999987889
insert,10,0.004750000000001364
insert,10,0.005375000000015007
insert,10,0.005583999999998923
insert,10,0.005707999999998492
insert,10,0.0049590000000137024
insert,10,0.004833999999988237
insert,10,0.004917000000006055
insert,10,0.005375000000015007
insert,11,0.006208999999984144
insert,11,0.006207999999986669
insert,11,0.007000000000005002
insert,11,0.0061670000000049185
insert,11,0.007167000000009693
insert,11,0.00595799999999258
insert,11,0.0063750000000197815
insert,11,0.007000000000005002
insert,11,0.006292000000001963
insert,11,0.006875000000007958
insert,11,0.006500000000016826
insert,11,0.005583000000001448
insert,11,0.006166999999976497
insert,12,0.0072920000000067375
insert,12,0.008458000000018728
insert,12,0.006790999999992664
insert,12,0.006042000000007874
insert,12,0.01300000000000523
insert,12,0.008708000000012817
insert,12,0.04283399999999915
insert,12,0.00766699999999787
insert,12,0.0061249999999972715
insert,12,0.008750000000020464
insert,12,0.007834000000002561
insert,13,0.009208000000000993
insert,13,0.007916999999991958
insert,13,0.00895900000000438
insert,13,0.00837500000000091
insert,13,0.01650000000000773
insert,13,0.008665999999976748
insert,13,0.010707999999993945
insert,13,0.02295800000001691
insert,13,0.009166999999990821
insert,13,0.010000000000019327
insert,13,0.035415999999997894
insert,14,0.008040999999991527
insert,14,0.008541000000008125
insert,14,0.008624999999994998
insert,14,0.01362499999999045
insert,14,0.010625000000004547
insert,14,0.008958000000006905
insert,14,0.009332999999998037
insert,14,0.009457999999995081
insert,14,0.009792000000004464
insert,14,0.009292000000016287
insert,15,0.009582999999992126
insert,15,0.009166999999990821
insert,15,0.010333000000002812
insert,15,0.007666000000000395
insert,15,0.027457999999995764
insert,15,0.06629100000000676
insert,15,0.009375000000005684
insert,15,0.013332999999988715
insert,15,0.02687500000001819
insert,16,0.052958000000018046
insert,16,0.07229200000000446
insert,16,0.040208000000006905
insert,16,0.028874999999999318
insert,16,0.03762499999999136
insert,16,0.012249999999994543
insert,16,0.010917000000006283
insert,16,0.012666999999993322
insert,16,0.01037500000001046
insert,17,0.028999999999996362
insert,17,0.035416000000026315
insert,17,0.016708999999991647
insert,17,0.02645799999999099
insert,17,0.010250000000013415
insert,17,0.008916999999996733
insert,17,0.009958999999980733
insert,17,0.009833000000014636
insert,17,0.04058299999999804
insert,18,0.011832999999995764
insert,18,0.012750000000011141
insert,18,0.01270900000000097
insert,18,0.01170799999999872
insert,18,0.013125000000002274
insert,18,0.01229200000000219
insert,18,0.013625000000018872
insert,19,0.012791000000021313
insert,19,0.012167000000005146
insert,19,0.013125000000002274
insert,19,0.012708000000003494
insert,19,0.011249999999989768
insert,19,0.010957999999988033
insert,19,0.015500000000002956
insert,19,0.014250000000004093
insert,20,0.028750000000002274
insert,20,0.01474999999999227
insert,20,0.03387500000002319
insert,20,0.02200000000001978
insert,20,0.023208000000010998
insert,20,0.01474999999999227
insert,20,0.016041000000001304
insert,21,0.013999999999981583
insert,21,0.021917000000001963
insert,21,0.02600000000001046
insert,21,0.015417000000013559
insert,21,0.015375000000005912
insert,21,0.0171659999999747
insert,21,0.016958000000016682
insert,22,0.01866699999999355
insert,22,0.013958000000002357
insert,22,0.022625000000005002
insert,22,0.018416000000001986
insert,22,0.01958299999998303
insert,22,0.02179200000000492
insert,23,0.01675000000000182
insert,23,0.015125000000011823
insert,23,0.018665999999996075
insert,23,0.01620900000000347
insert,23,0.01870800000000372
insert,23,0.017208999999979824
insert,24,0.02108400000000188
insert,24,0.7245420000000138
insert,24,0.016542000000015378
insert,24,0.015667000000007647
insert,24,0.017166000000003123
insert,24,0.018208000000015545
insert,25,0.01849999999998886
insert,25,0.018541999999996506
insert,25,0.017750000000006594
insert,25,0.016833000000019638
insert,25,0.018541999999996506
insert,25,0.027208000000001675
insert,26,0.018833000000000766
insert,26,0.019000000000005457
insert,26,0.019874999999984766
insert,26,0.01824999999999477
insert,26,0.01870800000000372
insert,27,0.02087499999998954
insert,27,0.020583000000016227
insert,27,0.04066699999998491
insert,27,0.02049999999999841
insert,27,0.022750000000002046
insert,28,0.01866699999999355
insert,28,0.02137500000000614
insert,28,0.02174999999999727
insert,28,0.02058399999998528
insert,28,0.019166999999981726
insert,29,0.021457999999995536
insert,29,0.022167000000024473
insert,29,0.022792000000009693
insert,29,0.023833999999993694
insert,29,0.02174999999999727
insert,30,0.022750000000002046
insert,30,0.022125000000016826
insert,30,0.06725000000000136
insert,30,0.02225000000001387
insert,30,0.022374999999982492
insert,31,0.024249999999994998
insert,31,0.023334000000005517
insert,31,0.021457999999995536
insert,31,0.022333000000003267
insert,31,0.02333299999997962
insert,32,0.025000000000005684
insert,32,0.005750000000006139
insert,32,0.0051660000000026685
insert,32,0.005415999999996757
insert,33,0.0050420000000030996
insert,33,0.004750000000001364
insert,33,0.00462500000000432
insert,33,0.004416999999989457
insert,34,0.004583999999994148
insert,34,0.005249999999989541
insert,34,0.005124999999992497
insert,34,0.004792000000009011
insert,34,0.004750000000001364
insert,35,0.0050420000000030996
insert,35,0.004958999999985281
insert,35,0.004833000000019183
insert,35,0.00533300000000736
insert,36,0.0052080000000103155
insert,36,0.005374999999986585
insert,36,0.006000000000000227
insert,36,0.005249999999989541
insert,37,0.005541999999991276
insert,37,0.005291999999997188
insert,37,0.005334000000004835
insert,37,0.005540999999993801
insert,38,0.005790999999987889
insert,38,0.005708999999995967
insert,38,0.005708999999995967
insert,39,0.005500000000012051
insert,39,0.006292000000001963
insert,39,0.005583000000001448
insert,39,0.005875000000003183
insert,40,0.005625000000009095
insert,40,0.005625000000009095
insert,40,0.005500000000012051
insert,40,0.006416999999999007
insert,41,0.00566699999998832
insert,41,0.0060829999999896245
insert,41,0.005916000000013355
insert,42,0.00591700000001083
insert,42,0.006042000000007874
insert,42,0.005915999999984933
insert,43,0.006874999999979536
insert,43,0.006292000000001963
insert,43,0.006458000000009179
insert,43,0.006249999999994316
insert,44,0.006624999999985448
insert,44,0.006458000000009179
insert,44,0.006500000000016826
insert,45,0.0063750000000197815
insert,45,0.0071659999999837964
insert,45,0.006875000000007958
insert,46,0.006915999999989708
insert,46,0.007000000000005002
insert,46,0.006583000000006223
insert,47,0.007000000000005002
insert,47,0.007167000000009693
insert,47,0.007167000000009693
insert,48,0.007040999999986752
insert,48,0.00766699999999787
insert,48,0.007125000000002046
insert,49,0.007167000000009693
insert,49,0.006749999999982492
insert,49,0.0072079999999914435
insert,50,0.007457999999985532
insert,50,0.006458000000009179
insert,50,0.006666999999993095
insert,51,0.006790999999992664
insert,51,0.006874999999979536
insert,51,0.006708000000003267
insert,52,0.00837500000000091
insert,52,0.0074160000000063064
insert,52,0.006791999999990139
insert,53,0.006957999999997355
insert,53,0.006750000000010914
insert,54,0.008125000000006821
insert,54,0.024792000000019243
insert,54,0.006666999999993095
insert,55,0.007082999999994399
insert,55,0.006416999999999007
insert,55,0.007124999999973625
insert,56,0.006457999999980757
insert,56,0.006833000000000311
insert,57,0.006709000000000742
insert,57,0.006790999999992664
insert,57,0.006792000000018561
insert,58,0.006708000000003267
insert,58,0.17116599999999949
insert,59,0.006791999999990139
insert,59,0.006833000000000311
insert,59,0.006541999999996051
insert,60,0.007082999999994399
insert,60,0.007167000000009693
insert,61,0.007125000000002046
insert,61,0.01329100000000949
insert,62,0.009500000000002728
insert,62,0.0074160000000063064
insert,62,0.00741699999997536
insert,63,0.007708000000008042
insert,63,0.007375000000024556
insert,64,0.007499999999993179
insert,64,0.007542000000000826
insert,65,0.007708000000008042
insert,65,0.007958999999999605
insert,66,0.00795800000000213
insert,66,0.007916999999991958
insert,66,0.007584000000008473
insert,67,0.007790999999997439
insert,67,0.008040999999991527
insert,68,0.008416000000011081
insert,68,0.007790999999997439
insert,69,0.008041999999989002
insert,69,0.008209000000022115
insert,70,0.008499999999997954
insert,70,0.008125000000006821
insert,71,0.008707999999984395
insert,71,0.008125000000006821
insert,72,0.008708000000012817
insert,72,0.008791999999999689
insert,73,0.008791999999999689
insert,73,0.009041999999993777
insert,74,0.009874999999993861
insert,74,0.008832999999981439
insert,75,0.008915999999999258
insert,75,0.010249999999984993
insert,76,0.00858299999998735
insert,76,0.009166000000021768
insert,77,0.009874999999993861
insert,77,0.16620899999998073
insert,78,0.009624999999999773
insert,79,0.00966700000000742
insert,79,0.009375000000005684
insert,80,0.00983400000001211
insert,80,0.010041000000001077
insert,81,0.010250000000013415
insert,81,0.009791999999976042
insert,82,0.009624999999999773
insert,82,0.011749999999977945
insert,83,0.01037500000001046
insert,84,0.010917000000006283
insert,84,0.01037500000001046
insert,85,0.010750000000001592
insert,85,0.010041999999998552
insert,86,0.010791999999980817
insert,87,0.010832999999990989
insert,87,0.010792000000009239
insert,88,0.010874999999998636
insert,88,0.011500000000012278
insert,89,0.01116699999997195
insert,90,0.011332999999979165
insert,90,0.011000000000024102
insert,91,0.011792000000014013
insert,92,0.011666999999988548
insert,92,0.0116249999999809
insert,93,0.011499999999983856
insert,93,0.011958999999990283
insert,94,0.01187500000000341
insert,95,0.01158399999999915
insert,95,0.011625000000009322
insert,96,0.011499999999983856
insert,97,0.012833000000000538
insert,97,0.010916999999977861
insert,98,0.01099999999999568
insert,99,0.010208000000005768
insert,99,0.010458999999997332
insert,100,0.025207999999992126
insert,101,0.010750000000001592
insert,102,0.011000000000024102
insert,102,0.011209000000008018
insert,103,0.012084000000015749
insert,104,0.011041000000005852
insert,104,0.011541999999991504
insert,105,0.011041000000005852
insert,106,0.010957999999988033
insert,107,0.01099999999999568
insert,107,0.011625000000009322
insert,108,0.011709000000024616
insert,109,0.023040999999977885
insert,110,0.011333000000007587
insert,110,0.013166999999981499
insert,111,0.012165999999979249
insert,112,0.014375000000001137
insert,113,0.01316700000000992
insert,114,0.013125000000002274
insert,114,0.012584000000003925
insert,115,0.012750000000011141
insert,116,0.012957999999997583
insert,117,0.012540999999998803
insert,118,0.012707999999975073
insert,118,0.012333000000012362
insert,119,0.013792000000023563
insert,120,0.018040999999982432
insert,121,0.013667000000026519
insert,122,0.014624999999995225
insert,123,0.027958000000012362
insert,123,0.021042000000022654
insert,124,0.01491699999999696
insert,125,0.19437499999997954
insert,126,0.013749999999987494
insert,127,0.014915999999999485
insert,128,0.014416999999980362
insert,129,0.015041999999994005
insert,130,0.014959000000004608
insert,130,0.014708999999982098
insert,131,0.014750000000020691
insert,132,0.01629200000002129
insert,133,0.014708000000013044
insert,134,0.014915999999999485
insert,135,0.015041999999994005
insert,136,0.01587499999999409
insert,137,0.015416999999985137
insert,138,0.015500000000002956
insert,139,0.015500000000002956
insert,140,0.016583999999994603
insert,141,0.01608300000000895
insert,142,0.015667000000007647
insert,143,0.015833999999983916
insert,144,0.016208000000005995
insert,145,0.01650000000000773
insert,146,0.017458999999973912
insert,147,0.016458000000000084
insert,148,0.01645899999999756
insert,149,0.018458000000009633
insert,150,0.016874999999998863
insert,151,0.017416999999994687
insert,152,0.017499999999984084
insert,153,0.01737499999998704
insert,154,0.018375000000020236
insert,155,0.018165999999979476
insert,156,0.01804200000000833
insert,157,0.0180830000000185
insert,158,0.018375000000020236
insert,160,0.01841699999999946
insert,161,0.018624999999985903
insert,162,0.02049999999999841
insert,163,0.019916999999992413
insert,164,0.02995799999999349
insert,165,0.02154199999998241
insert,166,0.019709000000005972
insert,167,0.019417000000004236
insert,169,0.02025000000000432
insert,170,0.02083400000000779
insert,171,0.0201669999999865
insert,172,0.0206670000000031
insert,173,0.043958000000003494
insert,175,0.020916999999997188
insert,176,0.021875000000022737
insert,177,0.02054100000000858
insert,178,0.020749999999992497
insert,179,0.021457999999995536
insert,181,0.02154200000001083
insert,182,0.020999999999986585
insert,183,0.10791699999998627
insert,185,0.02183299999998667
insert,186,0.02216699999999605
insert,187,0.02229099999999562
insert,188,0.022957999999988488
insert,190,0.022957999999988488
insert,191,0.022458999999997786
insert,192,0.039249999999981355
insert,194,0.025541000000004033
insert,195,0.023665999999991527
insert,196,0.04254099999999994
insert,198,0.023500000000012733
insert,199,0.023665999999991527
insert,201,0.023791000000016993
insert,202,0.02462499999998613
insert,203,0.024750000000011596
insert,205,0.0246670000000222
insert,206,0.025291000000009944
insert,208,0.025457999999986214
insert,209,0.025417000000004464
insert,211,0.025207999999992126
insert,212,0.025500000000022283
insert,213,0.1677919999999915
insert,215,0.05666699999997604
insert,216,0.025915999999995165
insert,218,0.02637500000000159
insert,219,0.0267080000000135
insert,221,0.026125000000007503
insert,223,0.0272499999999809
insert,224,0.027041000000025406
insert,226,0.028416999999990367
insert,227,0.02837500000001114
insert,229,0.028416999999990367
insert,230,0.03337499999997817
insert,232,0.030166000000008353
insert,234,0.03229200000001242
insert,235,0.029583000000002357
insert,237,0.030875000000008868
insert,238,0.030666999999994005
insert,240,0.02879200000000992
insert,242,0.03012499999999818
insert,243,0.16945899999998915
insert,245,0.03958299999999326
insert,247,0.031291999999979225
insert,249,0.032583999999985735
insert,250,0.07441699999998264
insert,252,0.03816599999998971
insert,254,0.05550000000002342
insert,256,0.03100000000000591
insert,257,0.035124999999993634
insert,259,0.0739590000000021
insert,261,0.0661659999999813
insert,263,0.04174999999997908
insert,265,0.057709000000016886
insert,266,0.03491600000000972
insert,268,0.033833000000015545
insert,270,0.033999999999991815
insert,272,0.0993750000000091
insert,274,0.034874999999999545
insert,276,0.03383299999998712
insert,278,0.03508399999998346
insert,280,0.03820899999999483
insert,282,0.036417000000000144
insert,284,0.038624999999996135
insert,286,0.06720799999999372
insert,288,0.035583000000002585
insert,290,0.03670799999997598
insert,292,0.05945799999997803
insert,294,0.03787499999998545
insert,296,0.04958399999998164
insert,298,0.03962500000000091
insert,300,0.03866700000000378
insert,302,0.03766600000000153
insert,304,0.03916599999999448
insert,306,0.040124999999989086
insert,308,0.04137499999998795
insert,310,0.04245800000001054
insert,312,0.039249999999981355
insert,315,0.13220900000001734
insert,317,0.039917000000002645
insert,319,0.041540999999995165
insert,321,0.0417500000000075
insert,323,0.0418329999999969
insert,326,0.043958000000003494
insert,328,0.04262499999998681
insert,330,0.043250000000000455
insert,333,0.04250000000001819
insert,335,0.04420799999999758
insert,337,0.04441700000000992
insert,340,0.04391699999999332
insert,342,0.04854100000000017
insert,344,0.0444169999999815
insert,347,0.04512499999998454
insert,349,0.046082999999981666
insert,352,0.047791999999986956
insert,354,0.04654099999999062
insert,356,0.15370799999999463
insert,359,0.04870800000000486
insert,361,0.0467920000000106
insert,364,0.04737499999998818
insert,366,0.047624999999982265
insert,369,0.09925000000001205
insert,372,0.06799999999998363
insert,374,0.06725000000000136
insert,377,0.060625000000015916
insert,379,0.07279199999999264
insert,382,0.04912500000000364
insert,385,0.06224999999997749
insert,387,0.05583400000000438
insert,390,0.05145799999999667
insert,393,0.07595799999998576
insert,395,0.05329199999999901
insert,398,0.08937499999998977
insert,401,0.06487500000000068
insert,404,0.07099999999999795
insert,407,0.06137499999999818
insert,409,0.05333299999998076
insert,412,0.058625000000006366
insert,415,0.05783299999998803
insert,418,0.05712499999998499
insert,421,0.05658299999998917
insert,424,0.11699999999999022
insert,427,0.059499999999985675
insert,430,0.057416000000017675
insert,433,0.06016699999997854
insert,436,0.058416999999991504
insert,439,0.05945800000000645
insert,442,0.05845899999999915
insert,445,0.06858299999998962
insert,448,0.060207999999988715
insert,451,0.06529199999999946
insert,454,0.07400000000001228
insert,457,0.06254099999998175
insert,460,0.11458300000001032
insert,464,0.06383400000001416
insert,467,0.06383299999998826
insert,470,0.08283399999999119
insert,473,0.06458299999999895
insert,477,0.06458299999999895
insert,480,0.06808300000000145
insert,483,0.07583299999998871
insert,487,0.06962500000000205
insert,490,0.14179200000000947
insert,493,0.07195900000002098
insert,497,0.06895800000000918
insert,500,0.06737499999999841
insert,504,0.11154100000001677
insert,507,0.09362500000000296
insert,511,0.14862500000000978
insert,514,0.07841599999997584
insert,518,0.07154199999999378
insert,522,0.07183299999999804
insert,525,0.07075000000000387
insert,529,0.07379199999999742
insert,532,0.07758399999997323
insert,536,0.07437500000000341
insert,540,0.07458399999998733
insert,544,0.07433399999999324
insert,547,0.07879099999999539
insert,551,0.07712499999999523
insert,555,0.07870799999997757
insert,559,0.07800000000000296
insert,563,0.08020799999999895
insert,567,0.18908399999997982
insert,571,0.14654099999998493
insert,575,0.08058299999999008
insert,579,0.13541699999998968
insert,583,0.18095800000000395
insert,587,0.08445900000000961
insert,591,0.0832499999999925
insert,595,0.08329200000000014
insert,599,0.08416700000000787
insert,603,0.08695900000000734
insert,607,0.11770799999999326
insert,612,0.12129200000001106
insert,616,0.11433300000001623
insert,620,0.09554199999999469
insert,624,0.12220800000000054
insert,629,0.116375000000005
insert,633,0.10991699999999582
insert,637,0.17762500000000614
insert,642,0.12225000000000819
insert,646,0.09512499999999591
insert,651,0.10550000000000637
insert,655,0.11991700000001515
insert,660,0.09633299999998712
insert,665,0.11879100000001586
insert,669,0.11341699999999832
insert,674,0.09925000000001205
insert,678,0.09808300000000258
insert,683,0.11116700000002311
insert,688,0.10883400000000165
insert,693,0.10216699999998013
insert,697,0.1028750000000116
insert,702,0.1474589999999978
insert,707,0.10466700000000628
insert,712,0.12591700000001538
insert,717,0.10533399999999915
insert,722,0.10708299999998871
insert,727,0.10675000000000523
insert,732,0.10591699999997672
insert,737,0.10583400000001575
insert,742,0.1092090000000212
insert,747,0.10895800000000122
insert,753,0.1199579999999969
insert,758,0.11666600000000926
insert,763,0.11324999999999363
insert,768,0.16508400000000734
insert,774,0.11179199999997991
insert,779,0.11412500000000136
insert,785,0.11612500000001091
insert,790,0.17474999999998886
insert,795,0.1162920000000156
insert,801,0.114750000000015
insert,807,0.11662499999999909
insert,812,0.11620899999999779
insert,818,0.12191699999999628
insert,823,0.11716699999999491
insert,829,0.1234579999999994
insert,835,0.12245799999999463
insert,841,0.13700000000000045
insert,847,0.12945799999999963
insert,852,0.12549999999998818
insert,858,0.22987500000002115
insert,864,0.13795899999999506
insert,870,0.13075000000000614
insert,876,0.1650409999999738
insert,882,0.17270800000000008
insert,889,0.2150829999999928
insert,895,0.14650000000000318
insert,901,0.1647920000000056
insert,907,0.13700000000000045
insert,914,0.1390829999999994
insert,920,0.1390829999999994
insert,926,0.15537499999999227
insert,933,0.13970800000001304
insert,939,0.14220899999997982
insert,946,0.2850840000000119
insert,952,0.20445900000001416
insert,959,0.1852090000000146
insert,966,0.14329200000000242
insert,972,0.14520799999999667
insert,979,0.1477920000000097
insert,986,0.14779100000001222
insert,993,0.32262500000001637
insert,999,0.19970800000001532
insert,1006,0.18237500000003593
insert,1013,0.15354200000001583
insert,1020,0.15366699999998445
insert,1028,0.15641699999997627
insert,1035,0.15641699999997627
insert,1042,0.16316699999998718
insert,1049,0.23245900000000574
insert,1056,0.16299999999995407
insert,1064,0.466542000000004
insert,1071,0.1927079999999819
insert,1079,0.3159170000000131
insert,1086,0.1947499999999991
insert,1094,0.16779199999996308
insert,1101,0.17099999999999227
insert,1109,0.33108399999997573
insert,1116,0.3830829999999992
insert,1124,0.24058400000001257
insert,1132,0.3514589999999771
insert,1140,0.17770799999999554
insert,1148,0.19054199999999355
insert,1156,0.18033300000001873
insert,1164,0.19533300000000509
insert,1172,0.388499999999965
insert,1180,0.4167500000000359
insert,1188,0.19249999999999545
insert,1196,0.18808299999994915
insert,1205,0.1857079999999769
insert,1213,0.18720799999999826
insert,1222,0.19200000000000728
insert,1230,0.19354099999998198
insert,1239,0.19300000000004047
insert,1247,0.24674999999996317
insert,1256,0.21191600000003064
insert,1265,0.25241700000003675
insert,1273,0.3222499999999968
insert,1282,0.238708000000031
insert,1291,0.19925000000000637
insert,1300,0.19825000000003
insert,1309,0.27154100000001336
insert,1318,0.2113750000000323
insert,1327,0.20812499999999545
insert,1336,0.20837500000004638
insert,1346,0.23912500000000136
insert,1355,0.4176249999999868
insert,1365,0.2960419999999999
insert,1374,0.259791000000007
insert,1384,0.2651669999999626
insert,1393,0.2647079999999846
insert,1403,0.23304200000001174
insert,1413,0.3605840000000171
insert,1422,0.44470799999999144
insert,1432,0.2492910000000279
insert,1442,0.22508300000004056
insert,1452,0.28870799999998553
insert,1462,0.2341250000000059
insert,1472,0.23579200000000355
insert,1483,0.23291699999998627
insert,1493,0.4561670000000504
insert,1503,0.2568329999999719
insert,1514,0.2595420000000104
insert,1524,0.38212500000003047
insert,1535,0.2512909999999806
insert,1545,0.2945420000000354
insert,1556,0.2493750000000432
insert,1567,0.2676249999999527
insert,1578,0.2510409999999865
insert,1589,0.2558750000000032
insert,1600,0.2546249999999759
insert,1611,0.296875
insert,1622,0.31862499999999727
insert,1633,0.2633329999999887
insert,1645,0.36166699999995444
insert,1656,0.265625
insert,1668,0.29216699999994944
insert,1679,0.2708750000000464
insert,1691,0.26591700000000174
insert,1703,0.26554100000004155
insert,1714,0.3022079999999505
insert,1726,0.2765420000000063
insert,1738,0.28412499999996044
insert,1750,0.2841670000000249
insert,1762,0.2847499999999741
insert,1775,0.35483399999998255
insert,1787,0.51724999999999
insert,1799,0.3689589999999612
insert,1812,0.34541699999999764
insert,1824,0.3049579999999992
insert,1837,0.2975410000000238
insert,1850,0.3040839999999889
insert,1863,0.41004099999997834
insert,1876,0.3818340000000262
insert,1889,0.3310000000000173
insert,1902,0.353999999999985
insert,1915,0.3493339999999989
insert,1928,0.37175000000002
insert,1942,0.3307079999999587
insert,1955,0.4285419999999931
insert,1969,0.33687500000002046
insert,1982,0.3222499999999968
insert,1996,0.32979199999999764
insert,2010,0.5489170000000172
insert,2024,0.38058300000000145
insert,2038,0.33404100000001336
insert,2052,0.34174999999999045
insert,2066,0.33600000000001273
insert,2081,0.3484589999999912
insert,2095,0.4318340000000376
insert,2110,0.38791700000001583
insert,2124,0.40458399999999983
insert,2139,0.4888750000000073
insert,2154,0.3790829999999801
insert,2169,0.3597499999999627
insert,2184,0.5531249999999659
insert,2199,0.3837920000000281
insert,2214,0.44616700000000264
insert,2230,0.4092499999999859
insert,2245,0.49191600000000335
insert,2261,0.37129099999998516
insert,2276,0.37904099999997243
insert,2292,0.5853749999999991
insert,2308,0.46487500000000637
insert,2324,0.3909590000000094
insert,2340,0.5163749999999823
insert,2357,0.44191699999998946
insert,2373,0.5134580000000142
insert,2389,0.5405839999999671
insert,2406,0.44999999999998863
insert,2423,0.4152080000000069
insert,2439,0.40850000000000364
insert,2456,0.42608300000000554
insert,2473,0.6149580000000014
insert,2491,0.573915999999997
insert,2508,0.42258400000002894
insert,2525,0.4964170000000081
insert,2543,0.4577499999999759
insert,2560,0.48954200000002857
insert,2578,0.4788330000000087
insert,2596,0.5049170000000345
insert,2614,0.4522079999999846
insert,2632,0.49787500000002183
insert,2651,0.5068329999999719
insert,2669,0.4425420000000031
insert,2688,0.4618330000000128
insert,2706,0.4765830000000051
insert,2725,0.5069159999999897
insert,2744,0.5518329999999878
insert,2763,0.4619170000000281
insert,2782,0.6012499999999932
insert,2801,0.5802079999999705
insert,2821,0.5014160000000061
insert,2840,0.5182080000000155
insert,2860,0.5086659999999483
insert,2880,0.5312079999999924
insert,2900,0.5082500000000323
insert,2920,0.49912499999999227
insert,2940,0.5834169999999972
insert,2961,0.6973749999999654
insert,2981,0.5068750000000364
insert,3002,0.5866249999999695
insert,3023,0.5897499999999809
insert,3044,0.5784170000000017
insert,3065,0.59375
insert,3086,0.6084170000000313
insert,3108,0.538915999999972
insert,3129,0.5945420000000468
insert,3151,0.6263749999999959
insert,3173,0.6741250000000036
insert,3195,0.7397080000000074
insert,3217,0.8472499999999741
insert,3239,0.8267079999999964
insert,3262,0.575834000000043
insert,3284,0.637916999999959
insert,3307,0.9569999999999936
insert,3330,0.6225410000000124
insert,3353,0.7494159999999965
insert,3376,1.0046669999999835
insert,3400,0.6672920000000317
insert,3424,0.7717910000000074
insert,3447,0.9982080000000337
insert,3471,0.6127500000000055
insert,3495,0.6678750000000377
insert,3520,0.7773339999999962
insert,3544,0.7262499999999932
insert,3569,0.7515409999999747
insert,3593,0.7574580000000424
insert,3618,0.6417920000000095
insert,3643,0.7019169999999804
insert,3669,0.7032500000000255
insert,3694,0.7525830000000724
insert,3720,0.735416999999984
insert,3746,0.6781669999999167
insert,3772,0.9107500000000073
insert,3798,0.7021670000000313
insert,3824,0.6879999999999882
insert,3851,0.9750000000000227
insert,3877,1.2289999999999281
insert,3904,0.8870419999999513
insert,3931,0.7489590000000135
insert,3959,0.7130409999999756
insert,3986,0.9802909999999656
insert,4014,0.7119999999999891
insert,4042,0.7077090000000226
insert,4070,1.1234999999999218
insert,4098,0.7391669999999522
insert,4126,0.8033329999999523
insert,4155,0.7440410000000384
insert,4184,0.7632909999999811
insert,4213,0.7692919999999503
insert,4242,0.7400000000000091
insert,4271,0.8060420000000477
insert,4301,1.025624999999991
insert,4331,0.9583750000000464
insert,4361,0.8557499999999436
insert,4391,1.0453750000000355
insert,4422,0.7799579999999651
insert,4452,0.9340839999999844
insert,4483,0.8956249999999955
insert,4514,0.8551659999999401
insert,4546,0.9140830000000051
insert,4577,0.7970419999999194
insert,4609,0.8185419999999795
insert,4641,0.8585830000000669
insert,4673,0.8679579999999305
insert,4706,0.8868749999999181
insert,4738,0.8767080000000078
insert,4771,1.0936249999999745
insert,4804,2.3187500000000227
insert,4838,1.4579169999999522
insert,4871,2.6971660000000384
insert,4905,2.686290999999983
insert,4939,1.2095420000000559
insert,4973,0.9760420000000067
insert,5008,0.9342920000000277
insert,5043,1.0035419999999249
insert,5078,1.102916999999934
insert,5113,1.0194159999999783
insert,5148,0.97950000000003
insert,5184,1.171416000000022
insert,5220,1.1213749999999436
insert,5256,1.05112500000007
insert,5293,1.1593749999999545
insert,5329,1.2065410000000156
insert,5366,1.0802079999999705
insert,5404,1.0335830000000215
insert,5441,1.077374999999961
insert,5479,1.0995419999999285
insert,5517,1.0817080000000487
insert,5555,1.1880419999999958
insert,5594,1.0525420000000167
insert,5633,1.21712500000001
insert,5672,1.199333999999908
insert,5711,1.2188330000000178
insert,5751,1.072416999999973
insert,5791,1.1034169999999222
insert,5831,1.113833999999997
insert,5871,1.1301670000000286
insert,5912,1.197499999999991
insert,5953,1.3396250000000691
insert,5994,1.29037500000004
insert,6036,1.1475419999999303
insert,6078,1.3624169999999367
insert,6120,1.3393330000000105
insert,6162,1.5178750000000036
insert,6205,1.585042000000044
insert,6248,1.1533749999999827
insert,6292,1.227542000000085
insert,6335,1.1452500000000327
insert,6379,1.384541000000013
insert,6424,1.2676669999999604
insert,6468,1.8765839999999798
insert,6513,1.9682090000000017
insert,6558,1.2959159999999201
insert,6604,2.0109580000000733
insert,6650,1.2369580000000724
insert,6696,1.287916999999993
insert,6742,1.8756250000000136
insert,6789,2.6721249999999372
insert,6836,2.5875420000000986
insert,6883,1.311708000000067
insert,6931,2.0677499999999327
insert,6979,1.367166999999995
insert,7028,1.549709000000007
insert,7077,2.7429169999999203
insert,7126,3.1435000000000173
insert,7175,2.778291999999965
insert,7225,1.9212079999999787
insert,7275,3.001082999999994
insert,7325,3.802208999999948
insert,7376,5.830291999999986
insert,7427,1.5987079999999878
insert,7479,1.435083000000077
insert,7531,2.906791999999996
insert,7583,1.5579579999998714
insert,7636,1.6227080000001024
insert,7689,1.4823340000000371
insert,7742,1.9109579999999369
insert,7796,1.7509169999998448
insert,7850,2.6620829999999387
insert,7904,1.5115840000000844
insert,7959,1.852624999999989
insert,8015,3.9972080000000005
insert,8070,3.6008330000001934
insert,8126,2.6710420000001704
insert,8183,2.7201250000000528
insert,8239,2.062166000000161
insert,8296,2.523042000000032
insert,8354,1.7034590000000662
insert,8412,1.8954160000000684
insert,8470,1.6418750000000273
insert,8529,2.121208000000024
insert,8588,1.7422500000000127
insert,8648,1.8612920000000486
insert,8708,2.241125000000011
insert,8768,2.5114589999998316
insert,8829,2.743167000000085
insert,8890,1.687874999999849
insert,8952,1.6856249999998454
insert,9014,2.144999999999982
insert,9077,11.940875000000005
insert,9140,2.6177079999999933
insert,9203,3.63479099999995
insert,9267,4.12887499999988
insert,9331,7.881208000000015
insert,9396,6.027374999999893
insert,9461,3.102333000000044
insert,9527,2.0516660000000684
insert,9593,4.972667000000001
insert,9660,5.145708999999897
insert,9727,1.8420419999999922
insert,9794,1.8944169999999758
insert,9862,1.9737500000001091
insert,9931,2.1699579999999514
insert,10000,4.472541999999976
find,10,0.007000000000005002
find,10,0.003999999999990678
find,10,0.0025420000000053733
find,10,0.0014579999999853044
find,10,0.0013749999999959073
find,10,0.0014170000000035543
find,10,0.0013329999999882602
find,10,0.0013340000000141572
find,10,0.0012920000000065102
find,10,0.001291000000009035
find,10,0.005124999999992497
find,10,0.0012499999999988631
find,10,0.0012920000000065102
find,10,0.003208000000000766
find,11,0.0014579999999853044
find,11,0.005084000000010747
find,11,0.0014169999999751326
find,11,0.0013749999999959073
find,11,0.0016249999999899956
find,11,0.001416000000006079
find,11,0.0014590000000112013
find,11,0.0014170000000035543
find,11,0.001458000000013726
find,11,0.0014170000000035543
find,11,0.0018340000000023338
find,11,0.0014170000000035543
find,11,0.003415999999987207
find,12,0.0015830000000107702
find,12,0.0017079999999793927
find,12,0.0017499999999870397
find,12,0.0015410000000031232
find,12,0.04125000000001933
find,12,0.001957999999973481
find,12,0.0020420000000171967
find,12,0.00566699999998832
find,12,0.0024589999999875545
find,12,0.0017080000000078144
find,12,0.004582999999996673
find,13,0.0017080000000078144
find,13,0.0017919999999946867
find,13,0.002207999999995991
find,13,0.001999999999981128
find,13,0.004792000000009011
find,13,0.001999999999981128
find,13,0.0018749999999840838
find,13,0.001833999999973912
find,13,0.0017499999999870397
find,13,0.0017909999999972115
find,13,0.0018330000000048585
find,14,0.0018750000000125056
find,14,0.0018340000000023338
find,14,0.001999999999981128
find,14,0.0018750000000125056
find,14,0.006541999999996051
find,14,0.003833000000014408
find,14,0.0018330000000048585
find,14,0.001999999999981128
find,14,0.0018330000000048585
find,14,0.012208999999984371
find,15,0.0020410000000197215
find,15,0.002125000000006594
find,15,0.003916000000003805
find,15,0.0020410000000197215
find,15,0.005625000000009095
find,15,0.002334000000018932
find,15,0.0022080000000244127
find,15,0.003290999999990163
find,15,0.002082999999998947
find,16,0.006165999999979022
find,16,0.005458999999973457
find,16,0.011415999999996984
find,16,0.005290999999999713
find,16,0.002583000000015545
find,16,0.006583000000006223
find,16,0.002208999999993466
find,16,0.002167000000014241
find,16,0.009917000000001508
find,17,0.006249999999994316
find,17,0.005542000000019698
find,17,0.005916000000013355
find,17,0.0028749999999888587
find,17,0.002375000000000682
find,17,0.002375000000000682
find,17,0.0024579999999900792
find,17,0.006833000000000311
find,17,0.002417000000008329
find,18,0.0025420000000053733
find,18,0.0024999999999977263
find,18,0.002583000000015545
find,18,0.0026249999999947704
find,18,0.0025419999999769516
find,18,0.0024999999999977263
find,18,0.002625000000023192
find,19,0.0028329999999812117
find,19,0.0027910000000019863
find,19,0.004750000000001364
find,19,0.0027090000000100645
find,19,0.0027919999999994616
find,19,0.008250000000003865
find,19,0.0026670000000024174
find,19,0.0027499999999918145
find,20,0.002916000000027452
find,20,0.002999999999985903
find,20,0.003208000000000766
find,20,0.005084000000010747
find,20,0.005041000000005624
find,20,0.0028750000000172804
find,20,0.003250000000008413
find,21,0.0030000000000143245
find,21,0.0031250000000113687
find,21,0.003917000000001281
find,21,0.0030830000000037217
find,21,0.003208999999998241
find,21,0.0029590000000041528
find,21,0.0029580000000066775
find,22,0.0058339999999930114
find,22,0.004041999999998325
find,22,0.003208000000000766
find,22,0.003291999999987638
find,22,0.0031250000000113687
find,22,0.0041250000000161435
find,23,0.003457999999994854
find,23,0.004291999999992413
find,23,0.005167000000000144
find,23,0.003250000000008413
find,23,0.004291999999992413
find,23,0.005625000000009095
find,24,0.005041000000005624
find,24,0.003916000000003805
find,24,0.0036249999999995453
find,24,0.003500000000002501
find,24,0.004000000000019099
find,24,0.003500000000002501
find,25,0.0037499999999965894
find,25,0.0037499999999965894
find,25,0.0037920000000042364
find,25,0.0037499999999965894
find,25,0.003791000000006761
find,25,0.0037079999999889424
find,26,0.0037919999999758147
find,26,0.003917000000001281
find,26,0.003959000000008928
find,26,0.00433400000000006
find,26,0.003916000000003805
find,27,0.004166999999995369
find,27,0.0041670000000237906
find,27,0.004250000000013188
find,27,0.004208000000005541
find,27,0.00533300000000736
find,28,0.004292000000020835
find,28,0.004416999999989457
find,28,0.004291999999992413
find,28,0.0042910000000233595
find,28,0.004291999999992413
find,29,0.004416999999989457
find,29,0.004292000000020835
find,29,0.004375000000010232
find,29,0.004457999999999629
find,29,0.004333000000002585
find,30,0.004917000000006055
find,30,0.005291999999997188
find,30,0.004499999999978854
find,30,0.008000000000009777
find,30,0.004667000000011967
find,31,0.004792000000009011
find,31,0.00466599999998607
find,31,0.00508299999998485
find,31,0.004832999999990761
find,31,0.004750000000001364
find,32,0.0052080000000103155
find,32,0.005041000000005624
find,32,0.00591700000001083
find,32,0.005125000000020918
find,33,0.005249999999989541
find,33,0.005875000000003183
find,33,0.0052080000000103155
find,33,0.0052080000000103155
find,34,0.0029590000000041528
find,34,0.0028750000000172804
find,34,0.0028330000000096334
find,34,0.0028330000000096334
find,34,0.0029590000000041528
find,35,0.0029580000000066775
find,35,0.0030830000000037217
find,35,0.002958999999975731
find,35,0.002999999999985903
find,36,0.0031250000000113687
find,36,0.00304199999999355
find,36,0.0030830000000037217
find,36,0.0029590000000041528
find,37,0.0030830000000037217
find,37,0.0030000000000143245
find,37,0.003124999999982947
find,37,0.0030830000000037217
find,38,0.013417000000004009
find,38,0.003250000000008413
find,38,0.00329200000001606
find,39,0.003375000000005457
find,39,0.0033330000000262316
find,39,0.003375000000005457
find,39,0.003375000000005457
find,40,0.0034589999999923293
find,40,0.003375000000005457
find,40,0.003917000000001281
find,40,0.0034160000000156288
find,41,0.0034589999999923293
find,41,0.0038750000000220552
find,41,0.003500000000002501
find,42,0.003459000000020751
find,42,0.0036249999999995453
find,42,0.003584000000017795
find,43,0.0037079999999889424
find,43,0.02137500000000614
find,43,0.0037079999999889424
find,43,0.0037090000000148393
find,44,0.0037079999999889424
find,44,0.0037499999999965894
find,44,0.0036670000000071923
find,45,0.0038750000000220552
find,45,0.003791000000006761
find,45,0.004541999999986501
find,46,0.003958000000011452
find,46,0.003917000000001281
find,46,0.0038340000000118835
find,47,0.003916000000003805
find,47,0.004041999999998325
find,47,0.004166999999995369
find,48,0.0040830000000084965
find,48,0.004041999999998325
find,48,0.003999999999990678
find,49,0.004250000000013188
find,49,0.004250000000013188
find,49,0.004208000000005541
find,50,0.004291999999992413
find,50,0.00433400000000006
find,50,0.0051660000000026685
find,51,0.004500000000007276
find,51,0.004375000000010232
find,51,0.016334000000000515
find,52,0.0049590000000137024
find,52,0.004583999999994148
find,52,0.004416999999989457
find,53,0.006000000000000227
find,53,0.00462500000000432
find,54,0.004541000000017448
find,54,0.004666999999983545
find,54,0.018625000000014325
find,55,0.0041250000000161435
find,55,0.004165999999997894
find,55,0.0041250000000161435
find,56,0.004084000000005972
find,56,0.004041999999998325
find,57,0.004124999999987722
find,57,0.004250000000013188
find,57,0.004166999999995369
find,58,0.004707999999993717
find,58,0.004458999999997104
find,59,0.00433400000000006
find,59,0.004457999999999629
find,59,0.004416000000020404
find,60,0.004500000000007276
find,60,0.004333000000002585
find,61,0.004457999999999629
find,61,0.004457999999999629
find,62,0.004540999999989026
find,62,0.004540999999989026
find,62,0.0050420000000030996
find,63,0.005291999999997188
find,63,0.004709000000019614
find,64,0.00462500000000432
find,64,0.004707999999993717
find,65,0.004709000000019614
find,65,0.004874999999998408
find,66,0.004916999999977634
find,66,0.004874999999998408
find,66,0.005041000000005624
find,67,0.005000000000023874
find,67,0.0049999999999954525
find,68,0.005083000000013271
find,68,0.0050420000000030996
find,69,0.0050420000000030996
find,69,0.005041000000005624
find,70,0.005290999999999713
find,70,0.005249999999989541
find,71,0.0052080000000103155
find,71,0.005249999999989541
find,72,0.005500000000012051
find,72,0.005458000000004404
find,73,0.005290999999999713
find,73,0.005500000000012051
find,74,0.005416999999994232
find,74,0.005540999999993801
find,75,0.005583999999998923
find,75,0.005499999999983629
find,76,0.005583000000001448
find,76,0.005667000000016742
find,77,0.0061670000000049185
find,77,0.007291999999978316
find,78,0.006874999999979536
find,79,0.006000000000000227
find,79,0.00595799999999258
find,80,0.0059169999999824086
find,80,0.006042000000007874
find,81,0.006165999999979022
find,81,0.006250000000022737
find,82,0.02991700000001174
find,82,0.006542000000024473
find,83,0.007374999999996135
find,84,0.006667000000021517
find,84,0.006416000000001532
find,85,0.006750000000010914
find,85,0.00637499999999136
find,86,0.006624999999985448
find,87,0.00662500000001387
find,87,0.00662500000001387
find,88,0.006583000000006223
find,88,0.006666999999993095
find,89,0.006874999999979536
find,90,0.006834000000026208
find,90,0.006833000000000311
find,91,0.00695899999999483
find,92,0.007082999999994399
find,92,0.007082999999994399
find,93,0.007208000000019865
find,93,0.0071659999999837964
find,94,0.00720900000001734
find,95,0.0074580000000139535
find,95,0.0072079999999914435
find,96,0.007457999999985532
find,97,0.005041000000005624
find,97,0.005041000000005624
find,98,0.004750000000001364
find,99,0.004792000000009011
find,99,0.004833000000019183
find,100,0.0052080000000103155
find,101,0.004958000000016227
find,102,0.005083000000013271
find,102,0.005167000000000144
find,103,0.005124999999992497
find,104,0.005083000000013271
find,104,0.0050420000000030996
find,105,0.005291999999997188
find,106,0.005249999999989541
find,107,0.005249999999989541
find,107,0.0054160000000251785
find,108,0.014708000000013044
find,109,0.005583999999998923
find,110,0.005458000000004404
find,110,0.005541999999991276
find,111,0.005792000000013786
find,112,0.0063330000000121345
find,113,0.006041999999979453
find,114,0.005707999999998492
find,114,0.005915999999984933
find,115,0.005792000000013786
find,116,0.00595799999999258
find,117,0.005792000000013786
find,118,0.006166000000007443
find,118,0.007167000000009693
find,119,0.005999999999971806
find,120,0.006833000000000311
find,121,0.006457999999980757
find,122,0.006292000000001963
find,123,0.00662500000001387
find,123,0.006624999999985448
find,124,0.006584000000003698
find,125,0.006249999999994316
find,126,0.006540999999998576
find,127,0.0070419999999842275
find,128,0.006833999999997786
find,129,0.0069999999999765805
find,130,0.006875000000007958
find,130,0.006833999999997786
find,131,0.006833999999997786
find,132,0.007083999999991875
find,133,0.007000000000005002
find,134,0.00695899999999483
find,135,0.007040999999986752
find,136,0.007040999999986752
find,137,0.007082999999994399
find,138,0.007374999999996135
find,139,0.007417000000003782
find,140,0.0072499999999990905
find,141,0.007333000000016909
find,142,0.007417000000003782
find,143,0.007374999999996135
find,144,0.007709000000005517
find,145,0.007583000000010998
find,146,0.007790999999997439
find,147,0.007749999999987267
find,148,0.007750000000015689
find,149,0.00795800000000213
find,150,0.007708000000008042
find,151,0.008000000000009777
find,152,0.007750000000015689
find,153,0.008082999999999174
find,154,0.008250000000003865
find,155,0.008250000000003865
find,156,0.008457999999990307
find,157,0.02295800000001691
find,158,0.00841599999998266
find,160,0.008583000000015772
find,161,0.008416999999980135
find,162,0.009208000000000993
find,163,0.012207999999986896
find,164,0.01083300000001941
find,165,0.04333299999998985
find,166,0.008874999999989086
find,167,0.009249999999980218
find,169,0.00925000000000864
find,170,0.00941699999998491
find,171,0.01433299999999349
find,172,0.010707999999993945
find,173,0.009582999999992126
find,175,0.009458999999992557
find,176,0.009874999999993861
find,177,0.009583000000020547
find,178,0.010083000000008724
find,179,0.009749999999996817
find,181,0.010082999999980302
find,182,0.010166999999995596
find,183,0.010249999999984993
find,185,0.010041999999998552
find,186,0.010416999999989685
find,187,0.010208999999974822
find,188,0.011084000000010974
find,190,0.05120900000000006
find,191,0.0105829999999969
find,192,0.010707999999993945
find,194,0.01158399999999915
find,195,0.011209000000008018
find,196,0.011292000000025837
find,198,0.03283299999998235
find,199,0.011375000000015234
find,201,0.011083999999982552
find,202,0.011540999999994028
find,203,0.0116249999999809
find,205,0.011500000000012278
find,206,0.011791999999985592
find,208,0.01195800000002123
find,209,0.01170799999999872
find,211,0.01187500000000341
find,212,0.01216600000000767
find,213,0.012874999999979764
find,215,0.013209000000017568
find,216,0.012500000000017053
find,218,0.012457999999980984
find,219,0.012833999999998014
find,221,0.012541999999996278
find,223,0.012582999999978028
find,224,0.012708000000003494
find,226,0.013042000000012877
find,227,0.013083000000023048
find,229,0.03350000000000364
find,230,0.01608300000000895
find,232,0.014125000000007049
find,234,0.014000000000010004
find,235,0.014083999999996877
find,237,0.014291999999983318
find,238,0.01387500000001296
find,240,0.014125000000007049
find,242,0.014208999999993921
find,243,0.015583999999989828
find,245,0.015500000000002956
find,247,0.014207999999996446
find,249,0.014417000000008784
find,250,0.06183300000000713
find,252,0.016625000000004775
find,254,0.015042000000022426
find,256,0.014999999999986358
find,257,0.016874999999998863
find,259,0.01587499999999409
find,261,0.0171670000000006
find,263,0.01908400000002075
find,265,0.01587499999999409
find,266,0.01570800000001782
find,268,0.015958000000011907
find,270,0.01587500000002251
find,272,0.016250000000013642
find,274,0.01608300000000895
find,276,0.016874999999998863
find,278,0.016707999999994172
find,280,0.01795899999999051
find,282,0.016749999999973397
find,284,0.016874999999998863
find,286,0.017583000000001903
find,288,0.017249999999989996
find,290,0.029207999999982803
find,292,0.01845799999998121
find,294,0.01979199999999537
find,296,0.036458000000010315
find,298,0.0191250000000025
find,300,0.018458000000009633
find,302,0.018124999999997726
find,304,0.018207999999987123
find,306,0.01824999999999477
find,308,0.01866699999999355
find,310,0.026667000000003327
find,312,0.019249999999999545
find,315,0.018624999999985903
find,317,0.019082999999994854
find,319,0.019958000000002585
find,321,0.019916999999992413
find,323,0.02129199999998832
find,326,0.02025000000000432
find,328,0.023792000000014468
find,330,0.020333999999991192
find,333,0.020334000000019614
find,335,0.02070800000001327
find,337,0.021167000000019698
find,340,0.02129199999998832
find,342,0.04445900000001757
find,344,0.02112500000001205
find,347,0.02170900000001552
find,349,0.021540999999984933
find,352,0.021500000000003183
find,354,0.022334000000000742
find,356,0.022541999999987183
find,359,0.022709000000020296
find,361,0.02241699999999014
find,364,0.022833000000019865
find,366,0.023041000000006306
find,369,0.023665999999991527
find,372,0.023707999999999174
find,374,0.03916699999999196
find,377,0.027665999999982205
find,379,0.024083999999987782
find,382,0.024042000000008557
find,385,0.03099999999997749
find,387,0.07566700000000992
find,390,0.02470800000000395
find,393,0.02508299999999508
find,395,0.02533299999998917
find,398,0.027250000000009322
find,401,0.035542000000020835
find,404,0.028290999999995847
find,407,0.02574999999998795
find,409,0.025958000000002812
find,412,0.026542000000006283
find,415,0.02645800000001941
find,418,0.026499999999998636
find,421,0.04258300000000759
find,424,0.02733299999999872
find,427,0.026874999999989768
find,430,0.027541000000013582
find,433,0.028083000000009406
find,436,0.02841700000001879
find,439,0.028333000000003494
find,442,0.028290999999995847
find,445,0.0286660000000154
find,448,0.028750000000002274
find,451,0.04216700000000628
find,454,0.028999999999996362
find,457,0.04099999999999682
find,460,0.029458000000005313
find,464,0.030458000000010088
find,467,0.03454199999998764
find,470,0.03012499999999818
find,473,0.030500000000017735
find,477,0.03912500000001273
find,480,0.031416000000007216
find,483,0.03191599999999539
find,487,0.04949999999999477
find,490,0.07891699999998991
find,493,0.033375000000006594
find,497,0.032917000000026064
find,500,0.04808400000001711
find,504,0.03570799999999963
find,507,0.03395799999998417
find,511,0.04016699999999673
find,514,0.03433300000000372
find,518,0.03383400000001302
find,522,0.03524999999999068
find,525,0.03537499999998772
find,529,0.03545799999997712
find,532,0.035499999999984766
find,536,0.03633299999998485
find,540,0.035750000000007276
find,544,0.03649999999998954
find,547,0.03816699999998718
find,551,0.03720799999999258
find,555,0.041874999999976126
find,559,0.03699999999997772
find,563,0.03766699999999901
find,567,0.038040999999992664
find,571,0.1366249999999809
find,575,0.038875000000018645
find,579,0.04591700000000287
find,583,0.039500000000003865
find,587,0.04058299999999804
find,591,0.04383300000000645
find,595,0.04099999999999682
find,599,0.040916000000009944
find,603,0.04349999999999454
find,607,0.054707999999976664
find,612,0.049207999999993035
find,616,0.051084000000003016
find,620,0.043333000000018274
find,624,0.05216699999999719
find,629,0.05112500000001319
find,633,0.04958300000001259
find,637,0.05041700000001015
find,642,0.043833999999975504
find,646,0.06783400000000483
find,651,0.05212500000001796
find,655,0.06316600000002381
find,660,0.044999999999987494
find,665,0.046790999999984706
find,669,0.045791999999977406
find,674,0.046292000000022426
find,678,0.04712499999999409
find,683,0.04870800000000486
find,688,0.04766699999998991
find,693,0.04758300000000304
find,697,0.05129199999998946
find,702,0.04887500000000955
find,707,0.05033400000002075
find,712,0.0494589999999846
find,717,0.049207999999993035
find,722,0.05262500000000614
find,727,0.05116699999999241
find,732,0.051875000000023874
find,737,0.05145899999999415
find,742,0.05170899999998824
find,747,0.05324999999999136
find,753,0.05437499999999318
find,758,0.0863339999999937
find,763,0.08245800000000258
find,768,0.05441600000000335
find,774,0.056416999999981954
find,779,0.06125000000000114
find,785,0.05612500000000864
find,790,0.057916999999974905
find,795,0.05616600000001881
find,801,0.05674999999999386
find,807,0.05750000000000455
find,812,0.05766700000000924
find,818,0.06079099999999471
find,823,0.058875000000000455
find,829,0.06016699999997854
find,835,0.061042000000014696
find,841,0.05991599999998698
find,847,0.09679199999999355
find,852,0.06120799999999349
find,858,0.06270799999998644
find,864,0.06279200000000174
find,870,0.07341699999997786
find,876,0.0731659999999863
find,882,0.0634589999999946
find,889,0.07429199999998559
find,895,0.06629200000000424
find,901,0.06662500000001614
find,907,0.06875000000002274
find,914,0.06616600000000972
find,920,0.07791700000001356
find,926,0.0865829999999903
find,933,0.06912499999998545
find,939,0.06912500000001387
find,946,0.09524999999999295
find,952,0.08379099999999085
find,959,0.07037499999998431
find,966,0.07029199999999491
find,972,0.07220799999998917
find,979,0.07329200000000924
find,986,0.08983299999999872
find,993,0.07849999999999113
find,999,0.08262500000000728
find,1006,0.0755839999999921
find,1013,0.07524999999998272
find,1020,0.07487500000002001
find,1028,0.07654199999996081
find,1035,0.07666700000004312
find,1042,0.115791999999999
find,1049,0.07754099999999653
find,1056,0.0777079999999728
find,1064,0.08216599999997243
find,1071,0.0836659999999938
find,1079,0.08091699999999946
find,1086,0.16904199999999037
find,1094,0.11608400000000074
find,1101,0.08287500000000136
find,1109,0.14420899999998937
find,1116,0.2211250000000291
find,1124,0.17670800000001918
find,1132,0.10462499999999864
find,1140,0.08904200000000628
find,1148,0.168124999999975
find,1156,0.08958300000000463
find,1164,0.09129200000000992
find,1172,0.12704199999996035
find,1180,0.16058400000002848
find,1188,0.12579099999999244
find,1196,0.09099999999995134
find,1205,0.09258399999998801
find,1213,0.09291699999999992
find,1222,0.0937080000000492
find,1230,0.09462500000000773
find,1239,0.09579199999996035
find,1247,0.10762499999998454
find,1256,0.09841699999998355
find,1265,0.09687499999995453
find,1273,0.0977500000000191
find,1282,0.10154099999999744
find,1291,0.1055409999999597
find,1300,0.10325000000000273
find,1309,0.10037499999998545
find,1318,0.10158300000000509
find,1327,0.10233299999998735
find,1336,0.11525000000000318
find,1346,0.10479200000003175
find,1355,0.14958400000000438
find,1365,0.11554199999994808
find,1374,0.1488750000000323
find,1384,0.11520799999999554
find,1393,0.13974999999999227
find,1403,0.13445899999999256
find,1413,0.11520799999999554
find,1422,0.14587499999998954
find,1432,0.22766599999999926
find,1442,0.11612500000001091
find,1452,0.11712500000004411
find,1462,0.16758399999997664
find,1472,0.11512500000003456
find,1483,0.11820799999998144
find,1493,0.122333000000026
find,1503,0.12062500000001819
find,1514,0.13341600000001108
find,1524,0.12999999999999545
find,1535,0.12970799999999372
find,1545,0.13108299999998962
find,1556,0.12254200000000992
find,1567,0.12333300000000236
find,1578,0.12687499999998408
find,1589,0.12695899999999938
find,1600,0.13091700000001083
find,1611,0.13387499999998909
find,1622,0.16179199999999128
find,1633,0.13595800000001645
find,1645,0.16112499999997
find,1656,0.15745899999996027
find,1668,0.15020800000002055
find,1679,0.13358299999998735
find,1691,0.13474999999999682
find,1703,0.20016700000002174
find,1714,0.138417000000004
find,1726,0.13816600000001245
find,1738,0.14024999999998045
find,1750,0.14387499999998
find,1762,0.14129099999996697
find,1775,0.14212500000002137
find,1787,0.19008300000001555
find,1799,0.16116699999997763
find,1812,0.15791600000000017
find,1824,0.15137500000003
find,1837,0.1489580000000501
find,1850,0.15045800000001464
find,1863,0.19787500000001046
find,1876,0.23820800000004283
find,1889,0.15491700000001174
find,1902,0.15674999999998818
find,1915,0.15912499999996044
find,1928,0.16300000000001091
find,1942,0.1622920000000363
find,1955,0.17400000000003502
find,1969,0.176208000000031
find,1982,0.1625839999999812
find,1996,0.1931250000000091
find,2010,0.19858299999998508
find,2024,0.16520900000000438
find,2038,0.16745800000001054
find,2052,0.2359580000000392
find,2066,0.203125
find,2081,0.1935839999999871
find,2095,0.17233299999998053
find,2110,0.21762499999999818
find,2124,0.18441699999999628
find,2139,0.2261670000000322
find,2154,0.21041700000000674
find,2169,0.18604199999998627
find,2184,0.19187500000003865
find,2199,0.1935839999999871
find,2214,0.20283299999999826
find,2230,0.19816600000001472
find,2245,0.2102909999999838
find,2261,0.20079199999997854
find,2276,0.23783299999996643
find,2292,0.2261670000000322
find,2308,0.1907080000000292
find,2324,0.2217499999999859
find,2340,0.19737499999996544
find,2357,0.20941599999997607
find,2373,0.20591699999999946
find,2389,0.20316600000001017
find,2406,0.20541700000001129
find,2423,0.20599999999996044
find,2439,0.2320839999999862
find,2456,0.2137920000000122
find,2473,0.3104579999999828
find,2491,0.22887499999995953
find,2508,0.2875829999999837
find,2525,0.22512499999999136
find,2543,0.2804999999999609
find,2560,0.30254200000001674
find,2578,0.21995800000001964
find,2596,0.2799169999999549
find,2614,0.22229199999998173
find,2632,0.2221670000000131
find,2651,0.2557499999999777
find,2669,0.2253750000000423
find,2688,0.22695900000002212
find,2706,0.23191700000000992
find,2725,0.28095899999999574
find,2744,0.23283299999997098
find,2763,0.23320799999999053
find,2782,0.2449579999999969
find,2801,0.24166600000000926
find,2821,0.24025000000000318
find,2840,0.24849999999997863
find,2860,0.2870420000000422
find,2880,0.3010409999999979
find,2900,0.257583000000011
find,2920,0.2565829999999778
find,2940,0.25429200000002083
find,2961,0.35191700000001447
find,2981,0.2550420000000031
find,3002,0.2750000000000341
find,3023,0.26779099999998834
find,3044,0.35550000000000637
find,3065,0.2759580000000028
find,3086,0.2947080000000142
find,3108,0.2696250000000191
find,3129,0.31895900000000665
find,3151,0.28941599999996015
find,3173,0.27762500000000045
find,3195,0.33454100000000153
find,3217,0.32383299999997917
find,3239,0.29966699999999946
find,3262,0.33954199999999446
find,3284,0.47441600000001927
find,3307,0.336084000000028
find,3330,0.32012500000001864
find,3353,0.30058300000001736
find,3376,0.32495899999997846
find,3400,0.3159999999999741
find,3424,0.35354200000000446
find,3447,0.30545900000004167
find,3471,0.3698749999999791
find,3495,0.351333000000011
find,3520,0.4978330000000142
find,3544,0.31891600000000153
find,3569,0.4249579999999469
find,3593,0.34712499999989177
find,3618,0.32912499999997635
find,3643,0.3461249999999154
find,3669,0.3675829999999678
find,3694,0.37945799999999963
find,3720,0.34837500000003274
find,3746,0.35762499999998454
find,3772,0.34512500000005275
find,3798,0.3384999999999536
find,3824,0.5656249999999545
find,3851,0.5424170000000004
find,3877,0.3505419999999049
find,3904,0.35187500000006366
find,3931,0.63087500000006
find,3959,0.3548749999999927
find,3986,0.3660419999999931
find,4014,0.3603329999999687
find,4042,0.3660419999999931
find,4070,0.39733300000000327
find,4098,0.42183300000010604
find,4126,0.5050420000000031
find,4155,0.37733399999990525
find,4184,0.3887920000000804
find,4213,0.51825000000008
find,4242,0.3882499999999709
find,4271,0.4147500000000264
find,4301,0.49774999999999636
find,4331,0.47566699999993034
find,4361,0.4134159999999838
find,4391,0.4095839999999953
find,4422,0.47658400000000256
find,4452,0.4443749999999227
find,4483,0.4017499999999927
find,4514,0.41183300000000145
find,4546,0.46841699999993125
find,4577,0.44174999999995634
find,4609,0.557207999999946
find,4641,0.441791999999964
find,4673,0.4502499999999827
find,4706,0.4819999999999709
find,4738,0.43899999999996453
find,4771,0.47212500000000546
find,4804,0.5501669999999876
find,4838,0.5842499999999973
find,4871,0.5094579999999951
find,4905,0.7588749999999891
find,4939,0.8451660000000629
find,4973,0.48225000000002183
find,5008,0.714040999999952
find,5043,0.4679159999999456
find,5078,0.49233299999991686
find,5113,0.48354200000005676
find,5148,0.5454580000000533
find,5184,0.506917000000044
find,5220,0.5272499999999809
find,5256,0.5487080000000333
find,5293,0.5004169999999704
find,5329,0.5104999999999791
find,5366,0.5657919999999876
find,5404,0.509166999999934
find,5441,0.6206250000000182
find,5479,0.5359589999999343
find,5517,0.6003749999999854
find,5555,0.5455840000000762
find,5594,0.5944579999999178
find,5633,0.5514590000000226
find,5672,0.5870419999999967
find,5711,0.6278330000000096
find,5751,0.5911660000000438
find,5791,0.5434999999999945
find,5831,0.6299169999999776
find,5871,0.6494999999999891
find,5912,0.5622089999999389
find,5953,0.6278330000000096
find,5994,0.6374999999999318
find,6036,0.7045410000000629
find,6078,0.5826250000000073
find,6120,2.6996659999999792
find,6162,0.6875410000000102
find,6205,0.6162090000000262
find,6248,0.6198330000000851
find,6292,0.609375
find,6335,0.6832500000000437
find,6379,0.6192919999999731
find,6424,0.76887499999998
find,6468,1.7577909999999974
find,6513,0.631958999999938
find,6558,0.6969169999999849
find,6604,0.6968329999999696
find,6650,0.6413750000000391
find,6696,0.7127500000000282
find,6742,0.834165999999982
find,6789,1.46387500000003
find,6836,1.563833000000045
find,6883,1.4928750000000264
find,6931,0.7259999999999991
find,6979,0.6767909999999802
find,7028,2.5367500000000973
find,7077,3.1887500000000273
find,7126,1.1319579999999405
find,7175,1.9569999999999936
find,7225,0.8168749999999818
find,7275,2.1820419999999103
find,7325,3.42674999999997
find,7376,3.844791999999984
find,7427,0.7268750000000637
find,7479,0.8996670000001359
find,7531,0.7411660000000211
find,7583,0.809833000000026
find,7636,1.2874160000001211
find,7689,0.7499169999998685
find,7742,0.9193330000000515
find,7796,0.8308749999998781
find,7850,1.2660000000000764
find,7904,0.7725840000000517
find,7959,0.9247920000000249
find,8015,0.8991669999998066
find,8070,1.3894999999999982
find,8126,0.9391669999999976
find,8183,1.3152079999999842
find,8239,0.938083000000006
find,8296,1.0039580000000115
find,8354,1.0992909999999938
find,8412,1.3045000000001892
find,8470,1.4035839999999098
find,8529,0.9411670000001777
find,8588,0.9731250000002092
find,8648,1.0782079999999041
find,8708,1.207290999999941
find,8768,0.8860830000000988
find,8829,1.0072500000001128
find,8890,0.9387090000000171
find,8952,2.9497499999999945
find,9014,4.658125000000155
find,9077,1.571333999999979
find,9140,3.605750000000171
find,9203,5.8247499999999945
find,9267,1.5708329999999933
find,9331,1.5395420000002105
find,9396,2.7335829999999532
find,9461,1.4890419999999267
find,9527,1.0136669999999413
find,9593,1.4573749999999563
find,9660,1.1645840000001044
find,9727,0.9782090000001062
find,9794,1.4074590000000171
find,9862,1.3073329999999714
find,9931,2.597541999999976
find,10000,1.815458000000035
delete,10,0.02200000000001978
delete,10,0.09833299999999667
delete,10,0.007916999999991958
delete,10,0.006250000000022737
delete,10,0.005875000000003183
delete,10,0.004250000000013188
delete,10,0.004250000000013188
delete,10,0.0058339999999930114
delete,10,0.004416999999989457
delete,10,0.0035829999999918982
delete,10,0.003916000000003805
delete,10,0.0037499999999965894
delete,10,0.004541999999986501
delete,10,0.0049579999999878055
delete,11,0.004375000000010232
delete,11,0.0050420000000030996
delete,11,0.0038749999999936335
delete,11,0.005167000000000144
delete,11,0.005875000000003183
delete,11,0.005124999999992497
delete,11,0.004666000000014492
delete,11,0.003917000000001281
delete,11,0.0037499999999965894
delete,11,0.0049579999999878055
delete,11,0.025834000000003243
delete,11,0.00433400000000006
delete,11,0.004667000000011967
delete,12,0.004832999999990761
delete,12,0.005041999999974678
delete,12,0.005209000000007791
delete,12,0.0049999999999954525
delete,12,0.01824999999999477
delete,12,0.0072079999999914435
delete,12,0.006083000000018046
delete,12,0.006000000000000227
delete,12,0.006875000000007958
delete,12,0.004958000000016227
delete,12,0.005667000000016742
delete,13,0.005750000000006139
delete,13,0.06020899999998619
delete,13,0.007499999999993179
delete,13,0.037499999999994316
delete,13,0.014958000000007132
delete,13,0.006749999999982492
delete,13,0.006292000000001963
delete,13,0.02354200000002038
delete,13,0.005791999999985364
delete,13,0.010792000000009239
delete,13,0.006833999999997786
delete,14,0.00620800000001509
delete,14,0.005625000000009095
delete,14,0.006165999999979022
delete,14,0.00691600000001813
delete,14,0.00995800000001168
delete,14,0.010624999999976126
delete,14,0.008292000000011512
delete,14,0.009041999999993777
delete,14,0.006250000000022737
delete,14,0.006666999999993095
delete,15,0.0072499999999990905
delete,15,0.00666599999999562
delete,15,0.006791999999990139
delete,15,0.0061670000000049185
delete,15,0.03683300000000145
delete,15,0.009083000000003949
delete,15,0.006583000000006223
delete,15,0.02054100000000858
delete,15,0.006708000000003267
delete,16,0.0231250000000216
delete,16,0.017416999999994687
delete,16,0.05970800000000054
delete,16,0.0211659999999938
delete,16,0.009666999999978998
delete,16,0.00770799999997962
delete,16,0.007666000000000395
delete,16,0.01870800000000372
delete,16,0.0674579999999878
delete,17,0.018458000000009633
delete,17,0.031291999999979225
delete,17,0.008541000000008125
delete,17,0.007792000000023336
delete,17,0.009749999999996817
delete,17,0.008125000000006821
delete,17,0.007834000000002561
delete,17,0.024916999999987866
delete,17,0.00837500000000091
delete,18,0.008624999999994998
delete,18,0.00837500000000091
delete,18,0.008541999999977179
delete,18,0.009624999999999773
delete,18,0.009332999999998037
delete,18,0.009041999999993777
delete,18,0.00837500000000091
delete,19,0.00925000000000864
delete,19,0.00941699999998491
delete,19,0.00925000000000864
delete,19,0.008915999999999258
delete,19,0.009500000000002728
delete,19,0.013082999999994627
delete,19,0.010041999999998552
delete,19,0.00925000000000864
delete,20,0.009749999999996817
delete,20,0.012875000000008185
delete,20,0.031167000000010603
delete,20,0.013082999999994627
delete,20,0.01649999999997931
delete,20,0.012791999999990367
delete,20,0.012833000000000538
delete,21,0.014125000000007049
delete,21,0.01029199999999264
delete,21,0.014875000000017735
delete,21,0.010250000000013415
delete,21,0.014291999999983318
delete,21,0.012249999999994543
delete,21,0.010624999999976126
delete,22,0.01212500000002592
delete,22,0.015250000000008868
delete,22,0.013708000000008269
delete,22,0.021625000000000227
delete,22,0.013499999999993406
delete,22,0.011666000000019494
delete,23,0.01304099999998698
delete,23,0.011790999999988117
delete,23,0.01141699999999446
delete,23,0.011625000000009322
delete,23,0.014584000000013475
delete,23,0.013375000000024784
delete,24,0.037041999999985364
delete,24,0.012708000000003494
delete,24,0.012750000000011141
delete,24,0.014167000000014696
delete,24,0.013582999999982803
delete,24,0.013249999999999318
delete,25,0.014499999999998181
delete,25,0.012874999999979764
delete,25,0.014708000000013044
delete,25,0.013916999999992186
delete,25,0.014125000000007049
delete,25,0.013917000000020607
delete,26,0.014542000000005828
delete,26,0.013750000000015916
delete,26,0.015166999999991049
delete,26,0.016874999999998863
delete,26,0.014458000000018956
delete,27,0.015124999999983402
delete,27,0.015416000000016084
delete,27,0.015542000000010603
delete,27,0.015583999999989828
delete,27,0.015208999999998696
delete,28,0.01624999999998522
delete,28,0.016874999999998863
delete,28,0.015332999999998265
delete,28,0.016000000000019554
delete,28,0.016000000000019554
delete,29,0.01616599999999835
delete,29,0.016916000000009035
delete,29,0.015332999999998265
delete,29,0.017166000000003123
delete,29,0.01737500000001546
delete,30,0.01820900000001302
delete,30,0.017833999999993466
delete,30,0.017833999999993466
delete,30,0.03499999999999659
delete,30,0.02404099999998266
delete,31,0.021374999999977717
delete,31,0.02837500000001114
delete,31,0.0191250000000025
delete,31,0.018000000000000682
delete,31,0.018624999999985903
delete,32,0.010916000000008808
delete,32,0.010624999999976126
delete,32,0.017583000000001903
delete,32,0.010374999999982037
delete,33,0.01954200000000128
delete,33,0.010958000000016455
delete,33,0.010834000000016886
delete,33,0.016874999999998863
delete,34,0.011750000000006366
delete,34,0.011208000000010543
delete,34,0.020959000000004835
delete,34,0.011208000000010543
delete,34,0.011417000000022881
delete,35,0.011917000000011058
delete,35,0.012124999999997499
delete,35,0.012084000000015749
delete,35,0.01187500000000341
delete,36,0.011666999999988548
delete,36,0.012166999999976724
delete,36,0.011708000000027141
delete,36,0.012416000000001759
delete,37,0.012750000000011141
delete,37,0.013041999999984455
delete,37,0.012334000000009837
delete,37,0.012875000000008185
delete,38,0.013334000000014612
delete,38,0.012500000000017053
delete,38,0.013125000000002274
delete,39,0.013582999999982803
delete,39,0.013374999999996362
delete,39,0.013625000000018872
delete,39,0.013292000000006965
delete,40,0.013833000000005313
delete,40,0.013292000000006965
delete,40,0.014624999999995225
delete,40,0.013833000000005313
delete,41,0.014125000000007049
delete,41,0.014207999999996446
delete,41,0.013749999999987494
delete,42,0.014832999999981666
delete,42,0.014499999999998181
delete,42,0.013958000000002357
delete,43,0.015041999999994005
delete,43,0.015667000000007647
delete,43,0.025666999999998552
delete,43,0.014875000000017735
delete,44,0.015375000000005912
delete,44,0.01504099999999653
delete,44,0.015499999999974534
delete,45,0.015625
delete,45,0.008749999999992042
delete,45,0.0072499999999990905
delete,46,0.007166999999981272
delete,46,0.006708000000003267
delete,46,0.006499999999988404
delete,47,0.007417000000003782
delete,47,0.007208000000019865
delete,47,0.007332999999988488
delete,48,0.006833000000000311
delete,48,0.0072499999999990905
delete,48,0.007666000000000395
delete,49,0.007459000000011429
delete,49,0.007374999999996135
delete,49,0.007583000000010998
delete,50,0.007584000000008473
delete,50,0.008040999999991527
delete,50,0.0075000000000216005
delete,51,0.00766699999999787
delete,51,0.007417000000003782
delete,51,0.02445799999998144
delete,52,0.008040999999991527
delete,52,0.008207999999996218
delete,52,0.007875000000012733
delete,53,0.007417000000003782
delete,53,0.007874999999984311
delete,54,0.007916999999991958
delete,54,0.007541000000003351
delete,54,0.008292000000011512
delete,55,0.007916999999991958
delete,55,0.007749999999987267
delete,55,0.008290999999985615
delete,56,0.007916999999991958
delete,56,0.007833000000005086
delete,57,0.007958999999999605
delete,57,0.007916999999991958
delete,57,0.007958999999999605
delete,58,0.00837500000000091
delete,58,0.00833400000001916
delete,59,0.00837500000000091
delete,59,0.00829199999998309
delete,59,0.008499999999997954
delete,60,0.008459000000016204
delete,60,0.009292000000016287
delete,61,0.008624999999994998
delete,61,0.008624999999994998
delete,62,0.00858299999998735
delete,62,0.008749999999992042
delete,62,0.008708000000012817
delete,63,0.00866600000000517
delete,63,0.008709000000010292
delete,64,0.008915999999999258
delete,64,0.009291999999987866
delete,65,0.009166999999990821
delete,65,0.008708000000012817
delete,66,0.024665999999996302
delete,66,0.00925000000000864
delete,66,0.00795800000000213
delete,67,0.008207999999996218
delete,67,0.008333999999990738
delete,68,0.008583000000015772
delete,68,0.008624999999994998
delete,69,0.008750000000020464
delete,69,0.008417000000008557
delete,70,0.008958000000006905
delete,70,0.008916999999996733
delete,71,0.008958000000006905
delete,71,0.008834000000007336
delete,72,0.008667000000002645
delete,72,0.008791999999999689
delete,73,0.009458999999992557
delete,73,0.009165999999993346
delete,74,0.009208000000000993
delete,74,0.009041999999993777
delete,75,0.009166999999990821
delete,75,0.00966700000000742
delete,76,0.009292000000016287
delete,76,0.02508400000002098
delete,77,0.010083999999977777
delete,77,0.016375000000010687
delete,78,0.009540999999984479
delete,79,0.010041000000001077
delete,79,0.009500000000002728
delete,80,0.009959000000009155
delete,80,0.009874999999993861
delete,81,0.01037500000001046
delete,81,0.009875000000022283
delete,82,0.014042000000017651
delete,82,0.011458000000004631
delete,83,0.010625000000004547
delete,84,0.010374999999982037
delete,84,0.010707999999993945
delete,85,0.011166000000002896
delete,85,0.011666999999988548
delete,86,0.01125000000001819
delete,87,0.011167000000000371
delete,87,0.011166000000002896
delete,88,0.011208000000010543
delete,88,0.011374999999986812
delete,89,0.011124999999992724
delete,90,0.01191599999998516
delete,90,0.013500000000021828
delete,91,0.011625000000009322
delete,92,0.01158399999999915
delete,92,0.011500000000012278
delete,93,0.01187500000000341
delete,93,0.01187500000000341
delete,94,0.012042000000008102
delete,95,0.012499999999988631
delete,95,0.012416999999999234
delete,96,0.012124999999997499
delete,97,0.025915999999995165
delete,97,0.010249999999984993
delete,98,0.009749999999996817
delete,99,0.01037500000001046
delete,99,0.009582999999992126
delete,100,0.011375000000015234
delete,101,0.010750000000001592
delete,102,0.011291999999997415
delete,102,0.01274999999998272
delete,103,0.010917000000006283
delete,104,0.011167000000000371
delete,104,0.010499999999979082
delete,105,0.01099999999999568
delete,106,0.010750000000001592
delete,107,0.030916999999988093
delete,107,0.011000000000024102
delete,108,0.07508400000000393
delete,109,0.011666999999988548
delete,110,0.011542000000019925
delete,110,0.011540999999994028
delete,111,0.01170799999999872
delete,112,0.01404199999998923
delete,113,0.012708000000003494
delete,114,0.01170799999999872
delete,114,0.012042000000008102
delete,115,0.012083999999987327
delete,116,0.012249999999994543
delete,117,0.01229200000000219
delete,118,0.012416999999999234
delete,118,0.02600000000001046
delete,119,0.012917000000015832
delete,120,0.01700000000002433
delete,121,0.013958999999999833
delete,122,0.013374999999996362
delete,123,0.015082999999975755
delete,123,0.014166999999986274
delete,124,0.03858399999998596
delete,125,0.013374999999996362
delete,126,0.013874999999984539
delete,127,0.015582999999992353
delete,128,0.01470900000001052
delete,129,0.01470900000001052
delete,130,0.014040999999991755
delete,130,0.014040999999991755
delete,131,0.01433299999999349
delete,132,0.014041000000020176
delete,133,0.014624999999995225
delete,134,0.01470900000001052
delete,135,0.01470900000001052
delete,136,0.014459000000016431
delete,137,0.013917000000020607
delete,138,0.014875000000017735
delete,139,0.014707999999984622
delete,140,0.014667000000002872
delete,141,0.015124999999983402
delete,142,0.016291999999992868
delete,143,0.015083000000004176
delete,144,0.015540999999984706
delete,145,0.015625
delete,146,0.01587499999999409
delete,147,0.01604199999999878
delete,148,0.016334000000000515
delete,149,0.016250000000013642
delete,150,0.016084000000006426
delete,151,0.01645899999999756
delete,152,0.016582999999997128
delete,153,0.02908300000001418
delete,154,0.016625000000004775
delete,155,0.016832999999991216
delete,156,0.017333000000007814
delete,157,0.017708999999996422
delete,158,0.01712499999999295
delete,160,0.01779200000001424
delete,161,0.05558400000001029
delete,162,0.042749999999983856
delete,163,0.02800000000002001
delete,164,0.020165999999989026
delete,165,0.021207999999973026
delete,166,0.018166000000007898
delete,167,0.018584000000004153
delete,169,0.018291000000004942
delete,170,0.01891700000001606
delete,171,0.02400000000000091
delete,172,0.021041999999994232
delete,173,0.019249999999999545
delete,175,0.019834000000003016
delete,176,0.019291000000009717
delete,177,0.0206670000000031
delete,178,0.019708000000008496
delete,179,0.020332999999993717
delete,181,0.020749999999992497
delete,182,0.02008299999999963
delete,183,0.020292000000011967
delete,185,0.02095800000000736
delete,186,0.021332999999998492
delete,187,0.02149999999997476
delete,188,0.02216699999999605
delete,190,0.03229200000001242
delete,191,0.03429200000002197
delete,192,0.021875000000022737
delete,194,0.02312499999999318
delete,195,0.022917000000006738
delete,196,0.02329199999999787
delete,198,0.12375000000000114
delete,199,0.022499999999979536
delete,201,0.023250000000018645
delete,202,0.022957999999988488
delete,203,0.023583999999999605
delete,205,0.023333000000008042
delete,206,0.024666999999993777
delete,208,0.024249999999994998
delete,209,0.023707999999999174
delete,211,0.024042000000008557
delete,212,0.023625000000009777
delete,213,0.02666600000000585
delete,215,0.026499999999998636
delete,216,0.025875000000013415
delete,218,0.024958999999995513
delete,219,0.025334000000015067
delete,221,0.025958000000002812
delete,223,0.025542000000001508
delete,224,0.02487499999998022
delete,226,0.026165999999989253
delete,227,0.026499999999998636
delete,229,0.03712500000000318
delete,230,0.044291999999984455
delete,232,0.028917000000006965
delete,234,0.028082999999980984
delete,235,0.028917000000006965
delete,237,0.029250000000018872
delete,238,0.028209000000003925
delete,240,0.028290999999995847
delete,242,0.028542000000015832
delete,243,0.030917000000016515
delete,245,0.033709000000015976
delete,247,0.03141700000000469
delete,249,0.118583000000001
delete,250,0.03333399999999642
delete,252,0.03450000000000841
delete,254,0.030916999999988093
delete,256,0.05304200000000492
delete,257,0.06424999999998704
delete,259,0.032457999999991216
delete,261,0.03695899999999597
delete,263,0.03874999999999318
delete,265,0.04824999999999591
delete,266,0.06554199999999355
delete,268,0.032042000000018334
delete,270,0.07450000000000045
delete,272,0.033582999999993035
delete,274,0.03237500000000182
delete,276,0.03333299999999895
delete,278,0.03391600000000494
delete,280,0.034458000000000766
delete,282,0.03316699999999173
delete,284,0.035165999999975384
delete,286,0.03479200000001015
delete,288,0.0347500000000025
delete,290,0.08275000000000432
delete,292,0.03562499999998181
delete,294,0.059042000000005146
delete,296,0.036584000000004835
delete,298,0.03520799999998303
delete,300,0.03741700000000492
delete,302,0.03704099999998789
delete,304,0.03641600000000267
delete,306,0.036915999999990845
delete,308,0.04145800000000577
delete,310,0.03829200000001265
delete,312,0.038624999999996135
delete,315,0.03874999999999318
delete,317,0.05012499999997999
delete,319,0.039790999999979704
delete,321,0.039332999999999174
delete,323,0.039749999999997954
delete,326,0.0413329999999803
delete,328,0.04183300000002532
delete,330,0.04404199999999037
delete,333,0.04216700000000628
delete,335,0.042208000000016455
delete,337,0.04349999999999454
delete,340,0.041707999999999856
delete,342,0.043457999999986896
delete,344,0.043250000000000455
delete,347,0.04479200000000105
delete,349,0.04408300000000054
delete,352,0.044125000000008185
delete,354,0.04375000000001705
delete,356,0.04524999999998158
delete,359,0.045834000000013475
delete,361,0.04562500000000114
delete,364,0.04724999999999113
delete,366,0.108333000000016
delete,369,0.05066600000000676
delete,372,0.05000000000001137
delete,374,0.06108399999999392
delete,377,0.06287499999999113
delete,379,0.04824999999999591
delete,382,0.06383399999998574
delete,385,0.05345800000000622
delete,387,0.04908299999999599
delete,390,0.1630839999999978
delete,393,0.05054100000000972
delete,395,0.05025000000000546
delete,398,0.05508299999999622
delete,401,0.06591600000001563
delete,404,0.05475000000001273
delete,407,0.053208000000012134
delete,409,0.053375000000016826
delete,412,0.0534590000000037
delete,415,0.05420799999998849
delete,418,0.059459000000003925
delete,421,0.05995799999999463
delete,424,0.055708999999978914
delete,427,0.05520899999999074
delete,430,0.05437499999999318
delete,433,0.058625000000006366
delete,436,0.06158299999998462
delete,439,0.05837500000001228
delete,442,0.05612499999998022
delete,445,0.05912499999999454
delete,448,0.0609590000000253
delete,451,0.06029200000000401
delete,454,0.05824999999998681
delete,457,0.07920799999999417
delete,460,0.059833000000026004
delete,464,0.0609579999999994
delete,467,0.060624999999987494
delete,470,0.06391700000000355
delete,473,0.05991700000001288
delete,477,0.06475000000000364
delete,480,0.1555829999999787
delete,483,0.0816250000000025
delete,487,0.06374999999999886
delete,490,0.10416599999999221
delete,493,0.06779199999999719
delete,497,0.06612499999999955
delete,500,0.07325000000000159
delete,504,0.08237499999998477
delete,507,0.07008299999998258
delete,511,0.08395799999999554
delete,514,0.070541999999989
delete,518,0.06912500000001387
delete,522,0.07299999999997908
delete,525,0.0715409999999963
delete,529,0.07600000000002183
delete,532,0.071124999999995
delete,536,0.08724999999998317
delete,540,0.07283300000000281
delete,544,0.0731659999999863
delete,547,0.07341600000000881
delete,551,0.07404100000002245
delete,555,0.07750000000001478
delete,559,0.07479100000000471
delete,563,0.07441700000001106
delete,567,0.07654200000001765
delete,571,0.07729199999999992
delete,575,0.10175000000000978
delete,579,0.09008300000002123
delete,583,0.07787500000000591
delete,587,0.07941599999998061
delete,591,0.08412500000000023
delete,595,0.0832499999999925
delete,599,0.08204200000000128
delete,603,0.08395799999999554
delete,607,0.09970799999999258
delete,612,0.10095799999999144
delete,616,0.119041999999979
delete,620,0.08587499999998727
delete,624,0.10120800000001395
delete,629,0.10258300000000986
delete,633,0.08941699999999742
delete,637,0.10775000000001
delete,642,0.08799999999999386
delete,646,0.11750000000000682
delete,651,0.10537500000000932
delete,655,0.11166700000001129
delete,660,0.09195799999997689
delete,665,0.10895800000000122
delete,669,0.09254199999998036
delete,674,0.11554200000000492
delete,678,0.09300000000001774
delete,683,0.0958750000000066
delete,688,0.10466700000000628
delete,693,0.09637499999999477
delete,697,0.09683300000000372
delete,702,0.09841700000001197
delete,707,0.09966599999998493
delete,712,0.10158400000000256
delete,717,0.09950000000000614
delete,722,0.09945799999999849
delete,727,0.11658299999999144
delete,732,0.10083300000002282
delete,737,0.10241699999997422
delete,742,0.10666699999998741
delete,747,0.10233400000001325
delete,753,0.10770800000000236
delete,758,0.1094579999999894
delete,763,0.10962499999999409
delete,768,0.1478749999999991
delete,774,0.10645900000000097
delete,779,0.1143329999999878
delete,785,0.1219170000000247
delete,790,0.1124579999999753
delete,795,0.11187499999999773
delete,801,0.11120800000000486
delete,807,0.11779200000000856
delete,812,0.11270899999999529
delete,818,0.11716699999999491
delete,823,0.11654100000001222
delete,829,0.12216699999999037
delete,835,0.11979100000002063
delete,841,0.12220899999999801
delete,847,0.17074999999999818
delete,852,0.1220830000000035
delete,858,0.1802500000000009
delete,864,0.12408300000001304
delete,870,0.1382910000000095
delete,876,0.14599999999998658
delete,882,0.12541699999999878
delete,889,0.14429199999997877
delete,895,0.1370409999999822
delete,901,0.13020899999997937
delete,907,0.13041599999999676
delete,914,0.133624999999995
delete,920,0.15908300000000963
delete,926,0.17258300000000304
delete,933,0.13895899999999983
delete,939,0.13525000000001342
delete,946,0.16408300000000509
delete,952,0.15995799999998894
delete,959,0.1388330000000053
delete,966,0.1398749999999893
delete,972,0.1397500000000207
delete,979,0.164416000000017
delete,986,0.1429589999999905
delete,993,0.15737500000000182
delete,999,0.1940829999999778
delete,1006,0.1466670000000363
delete,1013,0.14895799999999326
delete,1020,0.1499589999999671
delete,1028,0.16558300000002646
delete,1035,0.15645900000004076
delete,1042,0.20025000000003956
delete,1049,0.15525000000002365
delete,1056,0.155083999999988
delete,1064,0.15674999999998818
delete,1071,0.1873329999999669
delete,1079,0.18304200000000037
delete,1086,0.36370799999997416
delete,1094,0.334541999999999
delete,1101,0.2907079999999951
delete,1109,0.25787500000001273
delete,1116,0.4152920000000222
delete,1124,0.5542080000000169
delete,1132,0.21783299999998462
delete,1140,0.17537499999997408
delete,1148,0.18212500000004184
delete,1156,0.19024999999999181
delete,1164,0.345875000000035
delete,1172,0.21733299999999645
delete,1180,0.30012500000003683
delete,1188,0.1792080000000169
delete,1196,0.1811660000000188
delete,1205,0.1787079999999719
delete,1213,0.17891700000001265
delete,1222,0.17745800000000145
delete,1230,0.18770899999998392
delete,1239,0.31620900000001484
delete,1247,0.19908299999997325
delete,1256,0.18920800000000781
delete,1265,0.23766699999998764
delete,1273,0.19420800000000327
delete,1282,0.1921670000000404
delete,1291,0.20904100000001336
delete,1300,0.21820799999994733
delete,1309,0.20237500000001774
delete,1318,0.19762500000001637
delete,1327,0.200333999999998
delete,1336,0.20674999999999955
delete,1346,0.23341699999997445
delete,1355,0.2566250000000423
delete,1365,0.2394170000000031
delete,1374,0.2751660000000129
delete,1384,0.24883299999999053
delete,1393,0.2604170000000181
delete,1403,0.2396669999999972
delete,1413,0.21945800000003146
delete,1422,0.23304200000001174
delete,1432,0.4082920000000172
delete,1442,0.23108400000000984
delete,1452,0.23066700000003948
delete,1462,0.230542000000014
delete,1472,0.23704100000003336
delete,1483,0.22654099999999744
delete,1493,0.291499999999985
delete,1503,0.23270800000000236
delete,1514,0.269375000000025
delete,1524,0.23908299999999372
delete,1535,0.2627499999999827
delete,1545,0.2395829999999819
delete,1556,0.2505419999999958
delete,1567,0.2507919999999899
delete,1578,0.2530830000000037
delete,1589,0.24675000000002
delete,1600,0.2824579999999628
delete,1611,0.29566600000003973
delete,1622,0.25370900000001484
delete,1633,0.2892079999999737
delete,1645,0.26691600000003746
delete,1656,0.2797499999999786
delete,1668,0.3014159999999606
delete,1679,0.26462500000002365
delete,1691,0.27233400000000074
delete,1703,0.26658300000002555
delete,1714,0.2707499999999641
delete,1726,0.270958999999948
delete,1738,0.281332999999961
delete,1750,0.2808339999999703
delete,1762,0.3047910000000229
delete,1775,0.35275000000001455
delete,1787,0.3161670000000072
delete,1799,0.308667000000014
delete,1812,0.30774999999999864
delete,1824,0.29179199999998673
delete,1837,0.2912499999999909
delete,1850,0.2923749999999927
delete,1863,0.3033330000000092
delete,1876,0.3033750000000168
delete,1889,0.3099579999999946
delete,1902,0.37333300000000236
delete,1915,0.33029200000004266
delete,1928,0.3023340000000303
delete,1942,0.36920800000001464
delete,1955,0.33616600000004837
delete,1969,0.31654200000002675
delete,1982,0.3160839999999894
delete,1996,0.44820800000002237
delete,2010,0.361500000000035
delete,2024,0.32499999999998863
delete,2038,0.3272089999999821
delete,2052,0.535082999999986
delete,2066,0.3951250000000073
delete,2081,0.4061669999999822
delete,2095,0.33637499999997544
delete,2110,0.35670799999996916
delete,2124,0.345957999999996
delete,2139,0.39504199999998946
delete,2154,0.34404200000000174
delete,2169,0.4006660000000011
delete,2184,0.3811670000000049
delete,2199,0.4562080000000037
delete,2214,0.5770420000000058
delete,2230,0.5138749999999845
delete,2245,0.5020000000000095
delete,2261,0.37529200000000174
delete,2276,0.3800420000000031
delete,2292,0.4728749999999877
delete,2308,0.3709170000000199
delete,2324,0.4257920000000013
delete,2340,0.4055420000000254
delete,2357,0.4671660000000202
delete,2373,0.5063749999999914
delete,2389,0.3986659999999915
delete,2406,0.4193339999999921
delete,2423,0.39549999999997
delete,2439,0.450999999999965
delete,2456,0.46008299999999736
delete,2473,0.4937500000000341
delete,2491,0.4533330000000433
delete,2508,0.4752920000000245
delete,2525,0.46666599999997516
delete,2543,0.534541000000047
delete,2560,0.5817079999999919
delete,2578,0.5113329999999792
delete,2596,0.47645900000003394
delete,2614,0.4376249999999686
delete,2632,0.5056670000000167
delete,2651,0.4401250000000232
delete,2669,0.45787500000000136
delete,2688,0.44675000000000864
delete,2706,0.48275000000001
delete,2725,0.5041669999999954
delete,2744,0.4579580000000192
delete,2763,0.4658749999999827
delete,2782,0.5169169999999781
delete,2801,0.4777080000000069
delete,2821,0.49287499999996953
delete,2840,0.47399999999998954
delete,2860,0.5076670000000263
delete,2880,0.7455830000000105
delete,2900,0.5245409999999993
delete,2920,0.5525000000000091
delete,2940,0.5047910000000115
delete,2961,0.7220000000000368
delete,2981,0.5303749999999923
delete,3002,0.5780000000000314
delete,3023,0.5108749999999986
delete,3044,0.65949999999998
delete,3065,0.5624579999999924
delete,3086,0.521959000000038
delete,3108,0.5346670000000131
delete,3129,0.5927090000000135
delete,3151,0.6801250000000323
delete,3173,0.53287499999999
delete,3195,0.6497499999999832
delete,3217,0.6007920000000126
delete,3239,0.5876250000000027
delete,3262,0.6047920000000317
delete,3284,0.6589999999999918
delete,3307,0.5946669999999585
delete,3330,0.7036249999999882
delete,3353,0.7987499999999841
delete,3376,0.6611669999999776
delete,3400,0.6377500000000396
delete,3424,0.6763750000000073
delete,3447,0.6032920000000104
delete,3471,0.6161249999999541
delete,3495,0.6089170000000195
delete,3520,0.619624999999985
delete,3544,0.6226669999999785
delete,3569,0.6505409999999756
delete,3593,0.9024580000000242
delete,3618,0.6807499999999891
delete,3643,0.644457999999986
delete,3669,0.7567090000000007
delete,3694,0.7188330000000178
delete,3720,0.6456249999999955
delete,3746,0.8619999999999663
delete,3772,0.6651669999999967
delete,3798,0.6604589999999462
delete,3824,1.1177920000000086
delete,3851,0.8843330000000833
delete,3877,0.7385419999999385
delete,3904,0.6834999999999809
delete,3931,0.6910420000000386
delete,3959,0.7628330000000005
delete,3986,0.7123750000000655
delete,4014,0.7257909999999583
delete,4042,0.7859580000000506
delete,4070,0.7264169999999694
delete,4098,0.7789999999999964
delete,4126,1.1490830000000187
delete,4155,0.7345000000000255
delete,4184,0.7431250000000773
delete,4213,0.7993750000000546
delete,4242,0.7674999999999272
delete,4271,0.8241670000001022
delete,4301,0.8752079999999296
delete,4331,0.8906670000000076
delete,4361,0.9101249999999936
delete,4391,0.8889169999999922
delete,4422,0.9243329999999332
delete,4452,0.9676249999999982
delete,4483,0.7963750000000118
delete,4514,0.8749579999999924
delete,4546,0.9063749999999118
delete,4577,0.9597919999999931
delete,4609,0.83137499999998
delete,4641,0.9150830000000951
delete,4673,0.8524589999999534
delete,4706,0.8486660000000938
delete,4738,0.847332999999935
delete,4771,2.5025829999999587
delete,4804,2.258958000000007
delete,4838,2.1781670000000304
delete,4871,1.6164580000000797
delete,4905,1.8902080000000296
delete,4939,1.3564589999999725
delete,4973,0.9130410000000211
delete,5008,1.0472089999999525
delete,5043,0.90625
delete,5078,1.3648749999999836
delete,5113,0.9516670000000431
delete,5148,1.1631250000000364
delete,5184,0.9631669999999986
delete,5220,1.1264999999999645
delete,5256,0.9807080000000497
delete,5293,1.0577920000000631
delete,5329,1.0932500000000118
delete,5366,1.1667919999999867
delete,5404,1.1186249999999518
delete,5441,1.1774580000000014
delete,5479,1.0933749999999236
delete,5517,1.07062499999995
delete,5555,1.0643329999999196
delete,5594,1.3767500000000155
delete,5633,1.0567500000000791
delete,5672,1.3078749999999673
delete,5711,1.2419999999999618
delete,5751,1.0981669999999895
delete,5791,1.0615410000000338
delete,5831,1.0754160000000184
delete,5871,1.2062499999999545
delete,5912,1.0693749999999227
delete,5953,1.1116670000000113
delete,5994,1.486167000000023
delete,6036,1.6505839999999807
delete,6078,1.4349580000000515
delete,6120,1.9842499999999745
delete,6162,1.641666999999984
delete,6205,1.656833000000006
delete,6248,1.4877910000000156
delete,6292,1.1766249999999445
delete,6335,1.2129159999999501
delete,6379,1.222167000000013
delete,6424,1.4414579999998978
delete,6468,1.3047090000000026
delete,6513,1.3317919999999503
delete,6558,1.3280839999999898
delete,6604,1.2318749999999454
delete,6650,1.4547079999999823
delete,6696,1.365542000000005
delete,6742,2.344459000000029
delete,6789,1.96124999999995
delete,6836,1.4403750000000173
delete,6883,1.5997500000000855
delete,6931,1.516917000000035
delete,6979,1.31574999999998
delete,7028,2.3037500000000364
delete,7077,5.68324999999993
delete,7126,2.790124999999989
delete,7175,2.696916999999985
delete,7225,2.7958329999999023
delete,7275,8.315500000000043
delete,7325,2.193834000000038
delete,7376,2.727624999999989
delete,7427,1.5787089999998898
delete,7479,1.8755419999999958
delete,7531,1.9492079999999987
delete,7583,1.7168750000000728
delete,7636,1.6866250000000491
delete,7689,3.6647499999999127
delete,7742,2.0716249999998126
delete,7796,1.4691250000000764
delete,7850,1.623166000000083
delete,7904,1.7944170000000668
delete,7959,2.855792000000065
delete,8015,1.8401249999999436
delete,8070,1.9544590000000426
delete,8126,2.242083999999977
delete,8183,3.3640000000000327
delete,8239,4.8954590000000735
delete,8296,1.916208000000097
delete,8354,1.7781250000000455
delete,8412,2.0755420000000413
delete,8470,1.8624999999999545
delete,8529,3.1687090000000353
delete,8588,2.0924159999999574
delete,8648,2.1996670000000904
delete,8708,3.2157909999998537
delete,8768,4.882125000000087
delete,8829,3.072750000000042
delete,8890,2.229082999999946
delete,8952,5.579749999999876
delete,9014,10.246000000000095
delete,9077,34.885499999999865
delete,9140,20.87633300000016
delete,9203,11.963375000000042
delete,9267,7.065041000000065
delete,9331,1.7483330000000024
delete,9396,4.108165999999983
delete,9461,4.29383299999995
delete,9527,2.4456250000000637
delete,9593,6.210000000000036
delete,9660,2.2654999999999745
delete,9727,1.9153329999999187
delete,9794,2.1461669999998776
delete,9862,2.4196669999998903
delete,9931,2.616749999999911
delete,10000,2.068875000000162
